{
  "IGHV3": {
    "Clinical_VHH": {
      "n": 36,
      "abnativ_delta": {
        "min": -0.1373,
        "p10": -0.1154,
        "p25": -0.0307,
        "median": 0.0215,
        "p75": 0.0482,
        "p90": 0.07205,
        "max": 0.091,
        "mean": 0.0025194444444444435
      },
      "pI": {
        "min": 4.66,
        "p10": 4.85,
        "median": 8.620000000000001,
        "p90": 9.08,
        "max": 9.36,
        "mean": 7.338055555555555
      }
    },
    "Transgenic_sdAb": {
      "n": 1,
      "abnativ_delta": {
        "min": -0.1388,
        "p10": -0.1388,
        "p25": -0.1388,
        "median": -0.1388,
        "p75": -0.1388,
        "p90": -0.1388,
        "max": -0.1388,
        "mean": -0.1388
      },
      "pI": {
        "min": 9.01,
        "p10": 9.01,
        "median": 9.01,
        "p90": 9.01,
        "max": 9.01,
        "mean": 9.01
      }
    },
    "Database_B": {
      "n": 8,
      "abnativ_delta": {
        "min": -0.0112,
        "p10": -0.0112,
        "p25": 0.052175,
        "median": 0.11510000000000001,
        "p75": 0.1481,
        "p90": 0.1481,
        "max": 0.1481,
        "mean": 0.090675
      },
      "pI": {
        "min": 4.73,
        "p10": 4.73,
        "median": 8.91,
        "p90": 9.01,
        "max": 9.01,
        "mean": 7.890000000000001
      }
    },
    "Engineered_Human_VH": {
      "n": 21,
      "abnativ_delta": {
        "min": -0.2459,
        "p10": -0.1219,
        "p25": -0.1003,
        "median": -0.0791,
        "p75": 0.0046,
        "p90": 0.0397,
        "max": 0.0397,
        "mean": -0.06414761904761905
      },
      "pI": {
        "min": 4.54,
        "p10": 4.89,
        "median": 6.86,
        "p90": 9.44,
        "max": 9.44,
        "mean": 7.338571428571429
      }
    },
    "Negative_Control_VH": {
      "n": 5,
      "abnativ_delta": {
        "min": -0.1723,
        "p10": -0.16154000000000002,
        "p25": -0.1454,
        "median": -0.1393,
        "p75": -0.0971,
        "p90": -0.09247999999999999,
        "max": -0.0894,
        "mean": -0.1287
      },
      "pI": {
        "min": 5.18,
        "p10": 5.696,
        "median": 8.03,
        "p90": 8.658,
        "max": 8.67,
        "mean": 7.398
      }
    },
    "Autonomous_Human_VH": {
      "n": 53,
      "abnativ_delta": {
        "min": -0.2459,
        "p10": -0.13792000000000001,
        "p25": -0.1079,
        "median": -0.0801,
        "p75": -0.0478,
        "p90": 0.05727999999999998,
        "max": 0.0699,
        "mean": -0.06492264150943396
      },
      "pI": {
        "min": 4.54,
        "p10": 4.81,
        "median": 7.99,
        "p90": 9.24,
        "max": 9.44,
        "mean": 7.376603773584906
      }
    }
  },
  "IGHV_unknown": {
    "Clinical_VHH": {
      "n": 3,
      "abnativ_delta": {
        "min": -0.5305,
        "p10": -0.44455999999999996,
        "p25": -0.31565,
        "median": -0.1008,
        "p75": -0.06605,
        "p90": -0.04519999999999999,
        "max": -0.0313,
        "mean": -0.22086666666666666
      },
      "pI": {
        "min": 8.6,
        "p10": 8.61,
        "median": 8.65,
        "p90": 8.874,
        "max": 8.93,
        "mean": 8.726666666666667
      }
    },
    "Database_B": {
      "n": 21,
      "abnativ_delta": {
        "min": 0.0438,
        "p10": 0.0619,
        "p25": 0.0907,
        "median": 0.1062,
        "p75": 0.1415,
        "p90": 0.1481,
        "max": 0.1808,
        "mean": 0.10854285714285715
      },
      "pI": {
        "min": 4.76,
        "p10": 4.87,
        "median": 7.94,
        "p90": 8.75,
        "max": 8.95,
        "mean": 7.418095238095238
      }
    },
    "Engineered_Human_VH": {
      "n": 3,
      "abnativ_delta": {
        "min": -0.0417,
        "p10": -0.03226,
        "p25": -0.0181,
        "median": 0.0055,
        "p75": 0.07195,
        "p90": 0.11182,
        "max": 0.1384,
        "mean": 0.03406666666666666
      },
      "pI": {
        "min": 6.43,
        "p10": 6.874,
        "median": 8.65,
        "p90": 8.874,
        "max": 8.93,
        "mean": 8.003333333333334
      }
    },
    "Negative_Control_VH": {
      "n": 2,
      "abnativ_delta": {
        "min": -0.3873,
        "p10": -0.37683,
        "p25": -0.361125,
        "median": -0.33494999999999997,
        "p75": -0.308775,
        "p90": -0.29307,
        "max": -0.2826,
        "mean": -0.33494999999999997
      },
      "pI": {
        "min": 8.59,
        "p10": 8.616999999999999,
        "median": 8.725,
        "p90": 8.833,
        "max": 8.86,
        "mean": 8.725
      }
    },
    "Autonomous_Human_VH": {
      "n": 4,
      "abnativ_delta": {
        "min": -0.4653,
        "p10": -0.33821999999999997,
        "p25": -0.1476,
        "median": -0.0181,
        "p75": 0.038724999999999996,
        "p90": 0.09853000000000002,
        "max": 0.1384,
        "mean": -0.090775
      },
      "pI": {
        "min": 6.43,
        "p10": 7.077999999999999,
        "median": 8.615,
        "p90": 8.92,
        "max": 9.04,
        "mean": 8.175
      }
    }
  },
  "IGHV1": {
    "Negative_Control_VH": {
      "n": 3,
      "abnativ_delta": {
        "min": -0.4569,
        "p10": -0.43961999999999996,
        "p25": -0.41369999999999996,
        "median": -0.3705,
        "p75": -0.34040000000000004,
        "p90": -0.32234,
        "max": -0.3103,
        "mean": -0.3792333333333333
      },
      "pI": {
        "min": 6.12,
        "p10": 6.606,
        "median": 8.55,
        "p90": 8.622,
        "max": 8.64,
        "mean": 7.7700000000000005
      }
    }
  }
}