,h3_length,global_human_identity_pct,fr1_human_pct,fr2_human_pct,fr3_human_pct,fr4_human_pct,hallmark_human_count,hallmark_camelid_count
h3_length,1.0,-0.265297034052943,-0.07854190708679774,0.09213220530285951,0.08003476550602673,0.3256175451573298,-0.23878619978204188,0.029124118625535874
global_human_identity_pct,-0.265297034052943,1.0,0.638438075726607,0.3836404851484019,-0.06577221224606716,-0.2823279398748884,0.34748054138447804,-0.15539802227882435
fr1_human_pct,-0.07854190708679774,0.638438075726607,1.0,0.43808582711518057,-0.10057732985740794,-0.27638539919628335,0.27638539919628335,0.044946657497549475
fr2_human_pct,0.09213220530285951,0.3836404851484019,0.43808582711518057,1.0,-0.4224976331775957,-0.060540263104731575,0.5448623679425841,-0.24366985862022408
fr3_human_pct,0.08003476550602673,-0.06577221224606716,-0.10057732985740794,-0.4224976331775957,1.0,0.13899052731367978,-0.13899052731367978,0.37295072076231506
fr4_human_pct,0.3256175451573298,-0.2823279398748884,-0.27638539919628335,-0.060540263104731575,0.13899052731367978,1.0,0.05555555555555555,-0.24845199749997662
hallmark_human_count,-0.23878619978204188,0.34748054138447804,0.27638539919628335,0.5448623679425841,-0.13899052731367978,0.05555555555555555,1.0,-0.22360679774997896
hallmark_camelid_count,0.029124118625535874,-0.15539802227882435,0.044946657497549475,-0.24366985862022408,0.37295072076231506,-0.24845199749997662,-0.22360679774997896,1.0
