{
  "pdb_path": "data\\structures\\engineered\\Abazistobart.pdb",
  "chain_vh": "H",
  "chain_vl": "L",
  "canonical": {
    "H1": "H1-8-?",
    "H2": "H2-8-?",
    "H3": "H3-10-?",
    "L1": "L1-6-?",
    "L2": "L2-3-?",
    "L3": "L3-9-?"
  },
  "vh_vl_angle_deg": 87.28083417406727,
  "vernier_packing": {
    "VH_2": 14.0,
    "VH_27": 28.0,
    "VH_28": 4.0,
    "VH_29": 42.0,
    "VH_30": 8.0,
    "VH_48": 21.0,
    "VH_49": 14.0,
    "VH_67": 34.0,
    "VH_69": 27.0,
    "VH_71": 50.0,
    "VH_73": 20.0,
    "VH_78": 25.0,
    "VH_93": 14.0,
    "VH_94": 15.0,
    "VL_2": 25.0,
    "VL_4": 30.0,
    "VL_36": 40.0,
    "VL_46": 26.0,
    "VL_49": 15.0,
    "VL_69": 16.0,
    "VL_71": 36.0,
    "VL_98": 27.0
  },
  "vernier_cdr_distances": {
    "Vernier_to_H1": 0.0,
    "Vernier_to_H2": 1.1703698635101318,
    "Vernier_to_H3": 1.1277765035629272,
    "Vernier_to_L1": 2.6494438648223877,
    "Vernier_to_L2": 1.380949854850769,
    "Vernier_to_L3": 1.3418049812316895,
    "Vernier_to_any_CDR": 0.0
  },
  "interface_n_pairs": 65,
  "interface_mean_dist_A": 4.71221197189245,
  "interface_min_dist_A": 2.5336875915527344,
  "vernier_sasa_total": null,
  "vernier_sasa_per_residue": {},
  "errors": []
}