test	value_col	group1	group2	U	p	p_holm
Mann-Whitney U (two-sided)	cp_max7	BM	SR	11.0	0.02746074433430506	0.08238223300291518
Mann-Whitney U (two-sided)	cp_max7	BM	Native	18.0	0.5958830905651777	0.5958830905651777
Mann-Whitney U (two-sided)	cp_max7	SR	Native	24.0	0.04411797900118005	0.0882359580023601
