test	value_col	group1	group2	U	p	p_holm
Mann-Whitney U (two-sided)	human_identity	BM	SR	34.5	0.48312400402253874	0.48312400402253874
Mann-Whitney U (two-sided)	human_identity	BM	Native	32.0	0.0072599549881905605	0.021779864964571682
Mann-Whitney U (two-sided)	human_identity	SR	Native	28.0	0.00885666969061488	0.021779864964571682
