test	metric	H	p
Kruskal-Wallis	human_identity	9.5329854461892	0.008510175421010182
Kruskal-Wallis	B_total_1pct	1.8691893424036286	0.39274502414218415
Kruskal-Wallis	score	1.2784350418675459	0.5277051807923401
Kruskal-Wallis	hp_max9	0.79114590902485	0.6732941617861222
Kruskal-Wallis	cp_max7	8.01275510204081	0.01819920165410777
